author,title
greatyellowshark,This subreddit is for discussion of issues relating to anger management....
napjerks,Please report posts that are rants and also users who abuse commenters offering help.
UnclePandaDoesReddit,"Long time reader, first time poster..."
MuchEntertainment6,Raged at myself in the mirror because I failed to put in contact lenses for an hour straight.
ouranphile,Weird electric like pulse of anger?
TeenGohanruto_SS2,"i just destroyed two dishes, a glass ornament, a glass scale and there's broken glass all over the floor"
Wafflesarepurple,Scared myself and family
Collector420,Just had an extremely toxic enemy in csgo who spammed provocating stuff all the time and I really can't reduce my anger.
PillsburyYungBoy,Anyone else get extremely angry but just hold it in and then puke?
[deleted],I'll try a third time. How do I manage my anger when people are way too good at competitive games I enjoy?
iamoasis,Lost faith in humanity...
Zapt0rman,What are all ways that you use to control your anger?
Chrisskates808,Having some issues
lotuslynn111,I just lost my shit
CaseyKoslap,Got drunk and threatened to beat a friend in out group up
brookibles,Gossip is going to make me explode
Pete260,My best friend cut her wrist in school and I lost it
Savanahhhh,Need Perspective
veryPersYeetman,Anger fit
squareballon,This really helped me https://youtu.be/v7KQsS2kLM4
idkwhattocallthis27,I can somewhat control my anger
jhwn8c480,Help with anger
Louve-Ynia,[A HISTORY OF ANGER] Slapping my husband in the face : NO WAY
drinkuntil2,This anger is getting harder to control
HookEmRunners,Feeling like the world is ganging up on you
klutzygrapefruit67,Help to calm down
obscurity366,I'm so irritable I might not be able to control myself one day
greatyellowshark,This subreddit is for discussion of issues relating to anger management....
napjerks,Please report posts that are rants and also users who abuse commenters offering help.
UnclePandaDoesReddit,"Long time reader, first time poster..."
MuchEntertainment6,Raged at myself in the mirror because I failed to put in contact lenses for an hour straight.
ouranphile,Weird electric like pulse of anger?
TeenGohanruto_SS2,"i just destroyed two dishes, a glass ornament, a glass scale and there's broken glass all over the floor"
Wafflesarepurple,Scared myself and family
Collector420,Just had an extremely toxic enemy in csgo who spammed provocating stuff all the time and I really can't reduce my anger.
PillsburyYungBoy,Anyone else get extremely angry but just hold it in and then puke?
[deleted],I'll try a third time. How do I manage my anger when people are way too good at competitive games I enjoy?
iamoasis,Lost faith in humanity...
Zapt0rman,What are all ways that you use to control your anger?
Chrisskates808,Having some issues
lotuslynn111,I just lost my shit
CaseyKoslap,Got drunk and threatened to beat a friend in out group up
brookibles,Gossip is going to make me explode
Pete260,My best friend cut her wrist in school and I lost it
Savanahhhh,Need Perspective
veryPersYeetman,Anger fit
squareballon,This really helped me https://youtu.be/v7KQsS2kLM4
idkwhattocallthis27,I can somewhat control my anger
jhwn8c480,Help with anger
Louve-Ynia,[A HISTORY OF ANGER] Slapping my husband in the face : NO WAY
drinkuntil2,This anger is getting harder to control
HookEmRunners,Feeling like the world is ganging up on you
klutzygrapefruit67,Help to calm down
obscurity366,I'm so irritable I might not be able to control myself one day
greatyellowshark,This subreddit is for discussion of issues relating to anger management....
napjerks,Please report posts that are rants and also users who abuse commenters offering help.
UnclePandaDoesReddit,"Long time reader, first time poster..."
MuchEntertainment6,Raged at myself in the mirror because I failed to put in contact lenses for an hour straight.
ouranphile,Weird electric like pulse of anger?
TeenGohanruto_SS2,"i just destroyed two dishes, a glass ornament, a glass scale and there's broken glass all over the floor"
Wafflesarepurple,Scared myself and family
Collector420,Just had an extremely toxic enemy in csgo who spammed provocating stuff all the time and I really can't reduce my anger.
PillsburyYungBoy,Anyone else get extremely angry but just hold it in and then puke?
[deleted],I'll try a third time. How do I manage my anger when people are way too good at competitive games I enjoy?
iamoasis,Lost faith in humanity...
Zapt0rman,What are all ways that you use to control your anger?
Chrisskates808,Having some issues
lotuslynn111,I just lost my shit
CaseyKoslap,Got drunk and threatened to beat a friend in out group up
brookibles,Gossip is going to make me explode
Pete260,My best friend cut her wrist in school and I lost it
Savanahhhh,Need Perspective
veryPersYeetman,Anger fit
squareballon,This really helped me https://youtu.be/v7KQsS2kLM4
idkwhattocallthis27,I can somewhat control my anger
jhwn8c480,Help with anger
Louve-Ynia,[A HISTORY OF ANGER] Slapping my husband in the face : NO WAY
drinkuntil2,This anger is getting harder to control
HookEmRunners,Feeling like the world is ganging up on you
klutzygrapefruit67,Help to calm down
obscurity366,I'm so irritable I might not be able to control myself one day
greatyellowshark,This subreddit is for discussion of issues relating to anger management....
napjerks,Please report posts that are rants and also users who abuse commenters offering help.
UnclePandaDoesReddit,"Long time reader, first time poster..."
MuchEntertainment6,Raged at myself in the mirror because I failed to put in contact lenses for an hour straight.
ouranphile,Weird electric like pulse of anger?
TeenGohanruto_SS2,"i just destroyed two dishes, a glass ornament, a glass scale and there's broken glass all over the floor"
Wafflesarepurple,Scared myself and family
Collector420,Just had an extremely toxic enemy in csgo who spammed provocating stuff all the time and I really can't reduce my anger.
PillsburyYungBoy,Anyone else get extremely angry but just hold it in and then puke?
[deleted],I'll try a third time. How do I manage my anger when people are way too good at competitive games I enjoy?
iamoasis,Lost faith in humanity...
Zapt0rman,What are all ways that you use to control your anger?
Chrisskates808,Having some issues
lotuslynn111,I just lost my shit
CaseyKoslap,Got drunk and threatened to beat a friend in out group up
brookibles,Gossip is going to make me explode
Pete260,My best friend cut her wrist in school and I lost it
Savanahhhh,Need Perspective
veryPersYeetman,Anger fit
squareballon,This really helped me https://youtu.be/v7KQsS2kLM4
idkwhattocallthis27,I can somewhat control my anger
jhwn8c480,Help with anger
Louve-Ynia,[A HISTORY OF ANGER] Slapping my husband in the face : NO WAY
drinkuntil2,This anger is getting harder to control
HookEmRunners,Feeling like the world is ganging up on you
klutzygrapefruit67,Help to calm down
obscurity366,I'm so irritable I might not be able to control myself one day
greatyellowshark,This subreddit is for discussion of issues relating to anger management....
napjerks,Please report posts that are rants and also users who abuse commenters offering help.
UnclePandaDoesReddit,"Long time reader, first time poster..."
MuchEntertainment6,Raged at myself in the mirror because I failed to put in contact lenses for an hour straight.
ouranphile,Weird electric like pulse of anger?
TeenGohanruto_SS2,"i just destroyed two dishes, a glass ornament, a glass scale and there's broken glass all over the floor"
Wafflesarepurple,Scared myself and family
Collector420,Just had an extremely toxic enemy in csgo who spammed provocating stuff all the time and I really can't reduce my anger.
PillsburyYungBoy,Anyone else get extremely angry but just hold it in and then puke?
[deleted],I'll try a third time. How do I manage my anger when people are way too good at competitive games I enjoy?
iamoasis,Lost faith in humanity...
Zapt0rman,What are all ways that you use to control your anger?
Chrisskates808,Having some issues
lotuslynn111,I just lost my shit
CaseyKoslap,Got drunk and threatened to beat a friend in out group up
brookibles,Gossip is going to make me explode
Pete260,My best friend cut her wrist in school and I lost it
Savanahhhh,Need Perspective
veryPersYeetman,Anger fit
squareballon,This really helped me https://youtu.be/v7KQsS2kLM4
idkwhattocallthis27,I can somewhat control my anger
jhwn8c480,Help with anger
Louve-Ynia,[A HISTORY OF ANGER] Slapping my husband in the face : NO WAY
drinkuntil2,This anger is getting harder to control
HookEmRunners,Feeling like the world is ganging up on you
klutzygrapefruit67,Help to calm down
obscurity366,I'm so irritable I might not be able to control myself one day
greatyellowshark,This subreddit is for discussion of issues relating to anger management....
napjerks,Please report posts that are rants and also users who abuse commenters offering help.
UnclePandaDoesReddit,"Long time reader, first time poster..."
MuchEntertainment6,Raged at myself in the mirror because I failed to put in contact lenses for an hour straight.
ouranphile,Weird electric like pulse of anger?
TeenGohanruto_SS2,"i just destroyed two dishes, a glass ornament, a glass scale and there's broken glass all over the floor"
Wafflesarepurple,Scared myself and family
Collector420,Just had an extremely toxic enemy in csgo who spammed provocating stuff all the time and I really can't reduce my anger.
PillsburyYungBoy,Anyone else get extremely angry but just hold it in and then puke?
[deleted],I'll try a third time. How do I manage my anger when people are way too good at competitive games I enjoy?
iamoasis,Lost faith in humanity...
Zapt0rman,What are all ways that you use to control your anger?
Chrisskates808,Having some issues
lotuslynn111,I just lost my shit
CaseyKoslap,Got drunk and threatened to beat a friend in out group up
brookibles,Gossip is going to make me explode
Pete260,My best friend cut her wrist in school and I lost it
Savanahhhh,Need Perspective
veryPersYeetman,Anger fit
squareballon,This really helped me https://youtu.be/v7KQsS2kLM4
idkwhattocallthis27,I can somewhat control my anger
jhwn8c480,Help with anger
Louve-Ynia,[A HISTORY OF ANGER] Slapping my husband in the face : NO WAY
drinkuntil2,This anger is getting harder to control
HookEmRunners,Feeling like the world is ganging up on you
klutzygrapefruit67,Help to calm down
obscurity366,I'm so irritable I might not be able to control myself one day
greatyellowshark,This subreddit is for discussion of issues relating to anger management....
napjerks,Please report posts that are rants and also users who abuse commenters offering help.
UnclePandaDoesReddit,"Long time reader, first time poster..."
MuchEntertainment6,Raged at myself in the mirror because I failed to put in contact lenses for an hour straight.
ouranphile,Weird electric like pulse of anger?
TeenGohanruto_SS2,"i just destroyed two dishes, a glass ornament, a glass scale and there's broken glass all over the floor"
Wafflesarepurple,Scared myself and family
Collector420,Just had an extremely toxic enemy in csgo who spammed provocating stuff all the time and I really can't reduce my anger.
PillsburyYungBoy,Anyone else get extremely angry but just hold it in and then puke?
[deleted],I'll try a third time. How do I manage my anger when people are way too good at competitive games I enjoy?
iamoasis,Lost faith in humanity...
Zapt0rman,What are all ways that you use to control your anger?
Chrisskates808,Having some issues
lotuslynn111,I just lost my shit
CaseyKoslap,Got drunk and threatened to beat a friend in out group up
brookibles,Gossip is going to make me explode
Pete260,My best friend cut her wrist in school and I lost it
Savanahhhh,Need Perspective
veryPersYeetman,Anger fit
squareballon,This really helped me https://youtu.be/v7KQsS2kLM4
idkwhattocallthis27,I can somewhat control my anger
jhwn8c480,Help with anger
Louve-Ynia,[A HISTORY OF ANGER] Slapping my husband in the face : NO WAY
drinkuntil2,This anger is getting harder to control
HookEmRunners,Feeling like the world is ganging up on you
klutzygrapefruit67,Help to calm down
obscurity366,I'm so irritable I might not be able to control myself one day
greatyellowshark,This subreddit is for discussion of issues relating to anger management....
napjerks,Please report posts that are rants and also users who abuse commenters offering help.
UnclePandaDoesReddit,"Long time reader, first time poster..."
MuchEntertainment6,Raged at myself in the mirror because I failed to put in contact lenses for an hour straight.
ouranphile,Weird electric like pulse of anger?
TeenGohanruto_SS2,"i just destroyed two dishes, a glass ornament, a glass scale and there's broken glass all over the floor"
Wafflesarepurple,Scared myself and family
Collector420,Just had an extremely toxic enemy in csgo who spammed provocating stuff all the time and I really can't reduce my anger.
PillsburyYungBoy,Anyone else get extremely angry but just hold it in and then puke?
[deleted],I'll try a third time. How do I manage my anger when people are way too good at competitive games I enjoy?
iamoasis,Lost faith in humanity...
Zapt0rman,What are all ways that you use to control your anger?
Chrisskates808,Having some issues
lotuslynn111,I just lost my shit
CaseyKoslap,Got drunk and threatened to beat a friend in out group up
brookibles,Gossip is going to make me explode
Pete260,My best friend cut her wrist in school and I lost it
Savanahhhh,Need Perspective
veryPersYeetman,Anger fit
squareballon,This really helped me https://youtu.be/v7KQsS2kLM4
idkwhattocallthis27,I can somewhat control my anger
jhwn8c480,Help with anger
Louve-Ynia,[A HISTORY OF ANGER] Slapping my husband in the face : NO WAY
drinkuntil2,This anger is getting harder to control
HookEmRunners,Feeling like the world is ganging up on you
klutzygrapefruit67,Help to calm down
obscurity366,I'm so irritable I might not be able to control myself one day
greatyellowshark,This subreddit is for discussion of issues relating to anger management....
napjerks,Please report posts that are rants and also users who abuse commenters offering help.
UnclePandaDoesReddit,"Long time reader, first time poster..."
MuchEntertainment6,Raged at myself in the mirror because I failed to put in contact lenses for an hour straight.
ouranphile,Weird electric like pulse of anger?
TeenGohanruto_SS2,"i just destroyed two dishes, a glass ornament, a glass scale and there's broken glass all over the floor"
Wafflesarepurple,Scared myself and family
Collector420,Just had an extremely toxic enemy in csgo who spammed provocating stuff all the time and I really can't reduce my anger.
PillsburyYungBoy,Anyone else get extremely angry but just hold it in and then puke?
[deleted],I'll try a third time. How do I manage my anger when people are way too good at competitive games I enjoy?
iamoasis,Lost faith in humanity...
Zapt0rman,What are all ways that you use to control your anger?
Chrisskates808,Having some issues
lotuslynn111,I just lost my shit
CaseyKoslap,Got drunk and threatened to beat a friend in out group up
brookibles,Gossip is going to make me explode
Pete260,My best friend cut her wrist in school and I lost it
Savanahhhh,Need Perspective
veryPersYeetman,Anger fit
squareballon,This really helped me https://youtu.be/v7KQsS2kLM4
idkwhattocallthis27,I can somewhat control my anger
jhwn8c480,Help with anger
Louve-Ynia,[A HISTORY OF ANGER] Slapping my husband in the face : NO WAY
drinkuntil2,This anger is getting harder to control
HookEmRunners,Feeling like the world is ganging up on you
klutzygrapefruit67,Help to calm down
obscurity366,I'm so irritable I might not be able to control myself one day
greatyellowshark,This subreddit is for discussion of issues relating to anger management....
napjerks,Please report posts that are rants and also users who abuse commenters offering help.
UnclePandaDoesReddit,"Long time reader, first time poster..."
MuchEntertainment6,Raged at myself in the mirror because I failed to put in contact lenses for an hour straight.
ouranphile,Weird electric like pulse of anger?
TeenGohanruto_SS2,"i just destroyed two dishes, a glass ornament, a glass scale and there's broken glass all over the floor"
Wafflesarepurple,Scared myself and family
Collector420,Just had an extremely toxic enemy in csgo who spammed provocating stuff all the time and I really can't reduce my anger.
PillsburyYungBoy,Anyone else get extremely angry but just hold it in and then puke?
[deleted],I'll try a third time. How do I manage my anger when people are way too good at competitive games I enjoy?
iamoasis,Lost faith in humanity...
Zapt0rman,What are all ways that you use to control your anger?
Chrisskates808,Having some issues
lotuslynn111,I just lost my shit
CaseyKoslap,Got drunk and threatened to beat a friend in out group up
brookibles,Gossip is going to make me explode
Pete260,My best friend cut her wrist in school and I lost it
Savanahhhh,Need Perspective
veryPersYeetman,Anger fit
squareballon,This really helped me https://youtu.be/v7KQsS2kLM4
idkwhattocallthis27,I can somewhat control my anger
jhwn8c480,Help with anger
Louve-Ynia,[A HISTORY OF ANGER] Slapping my husband in the face : NO WAY
drinkuntil2,This anger is getting harder to control
HookEmRunners,Feeling like the world is ganging up on you
klutzygrapefruit67,Help to calm down
obscurity366,I'm so irritable I might not be able to control myself one day
greatyellowshark,This subreddit is for discussion of issues relating to anger management....
napjerks,Please report posts that are rants and also users who abuse commenters offering help.
UnclePandaDoesReddit,"Long time reader, first time poster..."
MuchEntertainment6,Raged at myself in the mirror because I failed to put in contact lenses for an hour straight.
ouranphile,Weird electric like pulse of anger?
TeenGohanruto_SS2,"i just destroyed two dishes, a glass ornament, a glass scale and there's broken glass all over the floor"
Wafflesarepurple,Scared myself and family
Collector420,Just had an extremely toxic enemy in csgo who spammed provocating stuff all the time and I really can't reduce my anger.
PillsburyYungBoy,Anyone else get extremely angry but just hold it in and then puke?
[deleted],I'll try a third time. How do I manage my anger when people are way too good at competitive games I enjoy?
iamoasis,Lost faith in humanity...
Zapt0rman,What are all ways that you use to control your anger?
Chrisskates808,Having some issues
lotuslynn111,I just lost my shit
CaseyKoslap,Got drunk and threatened to beat a friend in out group up
brookibles,Gossip is going to make me explode
Pete260,My best friend cut her wrist in school and I lost it
Savanahhhh,Need Perspective
veryPersYeetman,Anger fit
squareballon,This really helped me https://youtu.be/v7KQsS2kLM4
idkwhattocallthis27,I can somewhat control my anger
jhwn8c480,Help with anger
Louve-Ynia,[A HISTORY OF ANGER] Slapping my husband in the face : NO WAY
drinkuntil2,This anger is getting harder to control
HookEmRunners,Feeling like the world is ganging up on you
klutzygrapefruit67,Help to calm down
obscurity366,I'm so irritable I might not be able to control myself one day
